idx,teacher,raw_line
0,moonshotai/kimi-k3-free,1
1,moonshotai/kimi-k3-free,5
2,moonshotai/kimi-k3-free,102
3,moonshotai/kimi-k3-free,2
4,moonshotai/kimi-k3-free,1503
5,moonshotai/kimi-k3-free,4
6,moonshotai/kimi-k3-free,3
7,moonshotai/kimi-k3-free,101
8,moonshotai/kimi-k3-free,72
9,moonshotai/kimi-k3-free,1504
10,moonshotai/kimi-k3-free,0
11,moonshotai/kimi-k3-free,1501
12,moonshotai/kimi-k3-free,6
13,moonshotai/kimi-k3-free,7
14,moonshotai/kimi-k3-free,1502
15,moonshotai/kimi-k3-free,1554
16,moonshotai/kimi-k3-free,1500
17,moonshotai/kimi-k3-free,1507
18,moonshotai/kimi-k3-free,1508
19,moonshotai/kimi-k3-free,1505
20,moonshotai/kimi-k3-free,1506
21,moonshotai/kimi-k3-free,1509
22,moonshotai/kimi-k3-free,2001
23,moonshotai/kimi-k3-free,25
24,moonshotai/kimi-k3-free,21
25,moonshotai/kimi-k3-free,1992
26,moonshotai/kimi-k3-free,20
27,moonshotai/kimi-k3-free,1995
28,moonshotai/kimi-k3-free,22
30,moonshotai/kimi-k3-free,23
31,moonshotai/kimi-k3-free,1993
32,moonshotai/kimi-k3-free,26
33,moonshotai/kimi-k3-free,1519
34,moonshotai/kimi-k3-free,1517
35,moonshotai/kimi-k3-free,27
36,moonshotai/kimi-k3-free,1518
37,moonshotai/kimi-k3-free,1516
38,moonshotai/kimi-k3-free,29
39,moonshotai/kimi-k3-free,1515
40,moonshotai/kimi-k3-free,1537
41,moonshotai/kimi-k3-free,1526
42,moonshotai/kimi-k3-free,1522
43,moonshotai/kimi-k3-free,1520
44,moonshotai/kimi-k3-free,1521
45,moonshotai/kimi-k3-free,45
46,moonshotai/kimi-k3-free,46
47,moonshotai/kimi-k3-free,41
48,moonshotai/kimi-k3-free,43
49,moonshotai/kimi-k3-free,44
50,moonshotai/kimi-k3-free,42
51,moonshotai/kimi-k3-free,1544
52,moonshotai/kimi-k3-free,47
53,moonshotai/kimi-k3-free,49
54,moonshotai/kimi-k3-free,48
55,moonshotai/kimi-k3-free,1523
57,moonshotai/kimi-k3-free,1994
58,moonshotai/kimi-k3-free,1547
59,moonshotai/kimi-k3-free,1527
60,moonshotai/kimi-k3-free,1528
61,moonshotai/kimi-k3-free,1529
62,moonshotai/kimi-k3-free,1530
63,moonshotai/kimi-k3-free,1532
64,moonshotai/kimi-k3-free,1531
65,moonshotai/kimi-k3-free,1548
66,moonshotai/kimi-k3-free,61
67,moonshotai/kimi-k3-free,63
68,moonshotai/kimi-k3-free,62
69,moonshotai/kimi-k3-free,94
70,moonshotai/kimi-k3-free,64
71,moonshotai/kimi-k3-free,1533
72,moonshotai/kimi-k3-free,65
73,moonshotai/kimi-k3-free,66
74,moonshotai/kimi-k3-free,67
75,moonshotai/kimi-k3-free,95
76,moonshotai/kimi-k3-free,97
77,moonshotai/kimi-k3-free,70
78,moonshotai/kimi-k3-free,1534
79,moonshotai/kimi-k3-free,68
80,moonshotai/kimi-k3-free,1535
81,moonshotai/kimi-k3-free,71
82,moonshotai/kimi-k3-free,73
83,moonshotai/kimi-k3-free,75
84,moonshotai/kimi-k3-free,74
85,moonshotai/kimi-k3-free,76
86,moonshotai/kimi-k3-free,77
87,moonshotai/kimi-k3-free,1536
88,moonshotai/kimi-k3-free,80
89,moonshotai/kimi-k3-free,79
90,moonshotai/kimi-k3-free,81
91,moonshotai/kimi-k3-free,87
92,moonshotai/kimi-k3-free,84
93,moonshotai/kimi-k3-free,83
94,moonshotai/kimi-k3-free,86
95,moonshotai/kimi-k3-free,85
96,moonshotai/kimi-k3-free,107
97,moonshotai/kimi-k3-free,88
98,moonshotai/kimi-k3-free,149
99,moonshotai/kimi-k3-free,89
100,moonshotai/kimi-k3-free,90
101,moonshotai/kimi-k3-free,1561
102,moonshotai/kimi-k3-free,1538
103,moonshotai/kimi-k3-free,110
104,moonshotai/kimi-k3-free,113
105,moonshotai/kimi-k3-free,114
106,moonshotai/kimi-k3-free,1539
107,moonshotai/kimi-k3-free,96
108,moonshotai/kimi-k3-free,98
109,moonshotai/kimi-k3-free,99
110,moonshotai/kimi-k3-free,126
111,moonshotai/kimi-k3-free,127
112,moonshotai/kimi-k3-free,103
113,moonshotai/kimi-k3-free,1540
114,moonshotai/kimi-k3-free,104
115,moonshotai/kimi-k3-free,105
116,moonshotai/kimi-k3-free,135
117,moonshotai/kimi-k3-free,106
118,moonshotai/kimi-k3-free,1541
119,moonshotai/kimi-k3-free,108
120,moonshotai/kimi-k3-free,109
121,moonshotai/kimi-k3-free,150
122,moonshotai/kimi-k3-free,111
123,moonshotai/kimi-k3-free,112
124,moonshotai/kimi-k3-free,115
125,moonshotai/kimi-k3-free,116
126,moonshotai/kimi-k3-free,117
127,moonshotai/kimi-k3-free,1542
128,moonshotai/kimi-k3-free,1543
129,moonshotai/kimi-k3-free,1568
130,moonshotai/kimi-k3-free,1545
131,moonshotai/kimi-k3-free,125
132,moonshotai/kimi-k3-free,124
133,moonshotai/kimi-k3-free,128
134,moonshotai/kimi-k3-free,1546
135,moonshotai/kimi-k3-free,129
136,moonshotai/kimi-k3-free,154
137,moonshotai/kimi-k3-free,130
138,moonshotai/kimi-k3-free,153
139,moonshotai/kimi-k3-free,1551
140,moonshotai/kimi-k3-free,1549
141,moonshotai/kimi-k3-free,131
142,moonshotai/kimi-k3-free,134
143,moonshotai/kimi-k3-free,1569
144,moonshotai/kimi-k3-free,1550
145,moonshotai/kimi-k3-free,139
146,moonshotai/kimi-k3-free,1552
147,moonshotai/kimi-k3-free,164
148,moonshotai/kimi-k3-free,140
149,moonshotai/kimi-k3-free,141
150,moonshotai/kimi-k3-free,166
151,moonshotai/kimi-k3-free,142
152,moonshotai/kimi-k3-free,217
153,moonshotai/kimi-k3-free,171
154,moonshotai/kimi-k3-free,144
155,moonshotai/kimi-k3-free,145
156,moonshotai/kimi-k3-free,2004
157,moonshotai/kimi-k3-free,1553
158,moonshotai/kimi-k3-free,148
159,moonshotai/kimi-k3-free,181
160,moonshotai/kimi-k3-free,151
161,moonshotai/kimi-k3-free,158
162,moonshotai/kimi-k3-free,187
163,moonshotai/kimi-k3-free,152
164,moonshotai/kimi-k3-free,1555
165,moonshotai/kimi-k3-free,155
166,moonshotai/kimi-k3-free,156
167,moonshotai/kimi-k3-free,157
168,moonshotai/kimi-k3-free,159
170,moonshotai/kimi-k3-free,1556
171,moonshotai/kimi-k3-free,1580
173,moonshotai/kimi-k3-free,165
174,moonshotai/kimi-k3-free,167
175,moonshotai/kimi-k3-free,168
176,moonshotai/kimi-k3-free,170
177,moonshotai/kimi-k3-free,1558
178,moonshotai/kimi-k3-free,218
179,moonshotai/kimi-k3-free,1559
180,moonshotai/kimi-k3-free,1560
181,moonshotai/kimi-k3-free,1562
182,moonshotai/kimi-k3-free,1573
183,moonshotai/kimi-k3-free,1563
184,moonshotai/kimi-k3-free,1564
186,moonshotai/kimi-k3-free,1566
187,moonshotai/kimi-k3-free,183
188,moonshotai/kimi-k3-free,179
189,moonshotai/kimi-k3-free,184
190,moonshotai/kimi-k3-free,185
191,moonshotai/kimi-k3-free,189
192,moonshotai/kimi-k3-free,186
193,moonshotai/kimi-k3-free,188
194,moonshotai/kimi-k3-free,225
195,moonshotai/kimi-k3-free,1567
196,moonshotai/kimi-k3-free,1571
197,moonshotai/kimi-k3-free,1570
198,moonshotai/kimi-k3-free,1572
199,moonshotai/kimi-k3-free,1575
200,moonshotai/kimi-k3-free,1578
201,moonshotai/kimi-k3-free,1574
202,moonshotai/kimi-k3-free,1576
203,moonshotai/kimi-k3-free,1586
204,moonshotai/kimi-k3-free,200
205,moonshotai/kimi-k3-free,202
206,moonshotai/kimi-k3-free,201
207,moonshotai/kimi-k3-free,1589
208,moonshotai/kimi-k3-free,205
209,moonshotai/kimi-k3-free,203
210,moonshotai/kimi-k3-free,229
211,moonshotai/kimi-k3-free,1577
212,moonshotai/kimi-k3-free,204
213,moonshotai/kimi-k3-free,228
214,moonshotai/kimi-k3-free,206
215,moonshotai/kimi-k3-free,1582
216,moonshotai/kimi-k3-free,233
217,moonshotai/kimi-k3-free,1579
218,moonshotai/kimi-k3-free,1581
219,moonshotai/kimi-k3-free,1584
220,moonshotai/kimi-k3-free,1583
221,moonshotai/kimi-k3-free,1593
222,moonshotai/kimi-k3-free,1587
223,moonshotai/kimi-k3-free,212
224,moonshotai/kimi-k3-free,213
225,moonshotai/kimi-k3-free,214
226,moonshotai/kimi-k3-free,215
227,moonshotai/kimi-k3-free,216
228,moonshotai/kimi-k3-free,1585
229,moonshotai/kimi-k3-free,219
230,moonshotai/kimi-k3-free,220
231,moonshotai/kimi-k3-free,221
232,moonshotai/kimi-k3-free,222
233,moonshotai/kimi-k3-free,223
234,moonshotai/kimi-k3-free,224
235,moonshotai/kimi-k3-free,1590
236,moonshotai/kimi-k3-free,1588
237,moonshotai/kimi-k3-free,275
238,moonshotai/kimi-k3-free,272
239,moonshotai/kimi-k3-free,230
240,moonshotai/kimi-k3-free,231
241,moonshotai/kimi-k3-free,234
242,moonshotai/kimi-k3-free,232
243,moonshotai/kimi-k3-free,235
244,moonshotai/kimi-k3-free,237
245,moonshotai/kimi-k3-free,236
246,moonshotai/kimi-k3-free,321
247,moonshotai/kimi-k3-free,1592
248,moonshotai/kimi-k3-free,1591
249,moonshotai/kimi-k3-free,1598
250,moonshotai/kimi-k3-free,245
251,moonshotai/kimi-k3-free,244
252,moonshotai/kimi-k3-free,248
253,moonshotai/kimi-k3-free,243
254,moonshotai/kimi-k3-free,247
255,moonshotai/kimi-k3-free,246
256,moonshotai/kimi-k3-free,258
257,moonshotai/kimi-k3-free,249
258,moonshotai/kimi-k3-free,301
259,moonshotai/kimi-k3-free,250
260,moonshotai/kimi-k3-free,1594
261,moonshotai/kimi-k3-free,1596
262,moonshotai/kimi-k3-free,1595
263,moonshotai/kimi-k3-free,259
264,moonshotai/kimi-k3-free,257
265,moonshotai/kimi-k3-free,255
266,moonshotai/kimi-k3-free,256
267,moonshotai/kimi-k3-free,260
268,moonshotai/kimi-k3-free,311
269,moonshotai/kimi-k3-free,262
270,moonshotai/kimi-k3-free,261
271,moonshotai/kimi-k3-free,263
272,moonshotai/kimi-k3-free,264
273,moonshotai/kimi-k3-free,1613
274,moonshotai/kimi-k3-free,1597
275,moonshotai/kimi-k3-free,1605
276,moonshotai/kimi-k3-free,1625
277,moonshotai/kimi-k3-free,274
278,moonshotai/kimi-k3-free,312
279,moonshotai/kimi-k3-free,270
280,moonshotai/kimi-k3-free,273
282,moonshotai/kimi-k3-free,276
283,moonshotai/kimi-k3-free,314
284,moonshotai/kimi-k3-free,278
285,moonshotai/kimi-k3-free,279
286,moonshotai/kimi-k3-free,277
287,moonshotai/kimi-k3-free,1607
288,moonshotai/kimi-k3-free,1599
289,moonshotai/kimi-k3-free,1610
290,moonshotai/kimi-k3-free,1601
291,moonshotai/kimi-k3-free,1602
292,moonshotai/kimi-k3-free,1603
293,moonshotai/kimi-k3-free,286
294,moonshotai/kimi-k3-free,289
295,moonshotai/kimi-k3-free,290
296,moonshotai/kimi-k3-free,288
297,moonshotai/kimi-k3-free,320
298,moonshotai/kimi-k3-free,291
299,moonshotai/kimi-k3-free,1604
300,moonshotai/kimi-k3-free,1606
301,moonshotai/kimi-k3-free,1632
302,moonshotai/kimi-k3-free,292
303,moonshotai/kimi-k3-free,1608
304,moonshotai/kimi-k3-free,293
305,moonshotai/kimi-k3-free,294
306,moonshotai/kimi-k3-free,1609
307,moonshotai/kimi-k3-free,298
308,moonshotai/kimi-k3-free,299
309,moonshotai/kimi-k3-free,335
310,moonshotai/kimi-k3-free,302
311,moonshotai/kimi-k3-free,303
312,moonshotai/kimi-k3-free,1611
313,moonshotai/kimi-k3-free,1612
314,moonshotai/kimi-k3-free,1614
315,moonshotai/kimi-k3-free,1616
316,moonshotai/kimi-k3-free,1617
317,moonshotai/kimi-k3-free,1615
318,moonshotai/kimi-k3-free,1620
319,moonshotai/kimi-k3-free,1619
320,moonshotai/kimi-k3-free,1618
321,moonshotai/kimi-k3-free,1626
322,moonshotai/kimi-k3-free,1623
323,moonshotai/kimi-k3-free,1622
324,moonshotai/kimi-k3-free,313
325,moonshotai/kimi-k3-free,317
326,moonshotai/kimi-k3-free,315
327,moonshotai/kimi-k3-free,316
328,moonshotai/kimi-k3-free,319
329,moonshotai/kimi-k3-free,318
330,moonshotai/kimi-k3-free,1621
331,moonshotai/kimi-k3-free,1624
332,moonshotai/kimi-k3-free,1633
333,moonshotai/kimi-k3-free,1627
334,moonshotai/kimi-k3-free,332
335,moonshotai/kimi-k3-free,329
336,moonshotai/kimi-k3-free,331
337,moonshotai/kimi-k3-free,330
338,moonshotai/kimi-k3-free,328
339,moonshotai/kimi-k3-free,389
340,moonshotai/kimi-k3-free,388
341,moonshotai/kimi-k3-free,387
342,moonshotai/kimi-k3-free,333
343,moonshotai/kimi-k3-free,334
344,moonshotai/kimi-k3-free,336
345,moonshotai/kimi-k3-free,1636
346,moonshotai/kimi-k3-free,1628
347,moonshotai/kimi-k3-free,1631
348,moonshotai/kimi-k3-free,1644
349,moonshotai/kimi-k3-free,343
350,moonshotai/kimi-k3-free,344
351,moonshotai/kimi-k3-free,342
352,moonshotai/kimi-k3-free,341
353,moonshotai/kimi-k3-free,345
354,moonshotai/kimi-k3-free,346
355,moonshotai/kimi-k3-free,397
356,moonshotai/kimi-k3-free,400
357,moonshotai/kimi-k3-free,347
358,moonshotai/kimi-k3-free,349
359,moonshotai/kimi-k3-free,1997
360,moonshotai/kimi-k3-free,1630
361,moonshotai/kimi-k3-free,1638
362,moonshotai/kimi-k3-free,1652
363,moonshotai/kimi-k3-free,361
364,moonshotai/kimi-k3-free,357
365,moonshotai/kimi-k3-free,358
366,moonshotai/kimi-k3-free,359
367,moonshotai/kimi-k3-free,405
368,moonshotai/kimi-k3-free,360
369,moonshotai/kimi-k3-free,1634
370,moonshotai/kimi-k3-free,1635
371,moonshotai/kimi-k3-free,1647
372,moonshotai/kimi-k3-free,1637
373,moonshotai/kimi-k3-free,1640
374,moonshotai/kimi-k3-free,1639
375,moonshotai/kimi-k3-free,372
376,moonshotai/kimi-k3-free,369
377,moonshotai/kimi-k3-free,368
378,moonshotai/kimi-k3-free,371
379,moonshotai/kimi-k3-free,1641
380,moonshotai/kimi-k3-free,1642
381,moonshotai/kimi-k3-free,1643
382,moonshotai/kimi-k3-free,1651
383,moonshotai/kimi-k3-free,1660
384,moonshotai/kimi-k3-free,1645
385,moonshotai/kimi-k3-free,378
386,moonshotai/kimi-k3-free,423
387,moonshotai/kimi-k3-free,379
388,moonshotai/kimi-k3-free,381
389,moonshotai/kimi-k3-free,380
390,moonshotai/kimi-k3-free,1646
391,moonshotai/kimi-k3-free,1671
392,moonshotai/kimi-k3-free,382
393,moonshotai/kimi-k3-free,384
394,moonshotai/kimi-k3-free,1648
395,moonshotai/kimi-k3-free,1649
396,moonshotai/kimi-k3-free,385
397,moonshotai/kimi-k3-free,386
398,moonshotai/kimi-k3-free,1650
399,moonshotai/kimi-k3-free,391
400,moonshotai/kimi-k3-free,390
401,moonshotai/kimi-k3-free,1653
402,moonshotai/kimi-k3-free,1657
403,moonshotai/kimi-k3-free,393
404,moonshotai/kimi-k3-free,1665
405,moonshotai/kimi-k3-free,395
406,moonshotai/kimi-k3-free,396
407,moonshotai/kimi-k3-free,398
408,moonshotai/kimi-k3-free,399
409,moonshotai/kimi-k3-free,470
410,moonshotai/kimi-k3-free,401
411,moonshotai/kimi-k3-free,1654
412,moonshotai/kimi-k3-free,1655
413,moonshotai/kimi-k3-free,1658
414,moonshotai/kimi-k3-free,448
415,moonshotai/kimi-k3-free,407
416,moonshotai/kimi-k3-free,406
417,moonshotai/kimi-k3-free,408
418,moonshotai/kimi-k3-free,409
419,moonshotai/kimi-k3-free,1656
420,moonshotai/kimi-k3-free,410
421,moonshotai/kimi-k3-free,411
422,moonshotai/kimi-k3-free,412
423,moonshotai/kimi-k3-free,1659
424,moonshotai/kimi-k3-free,1664
425,moonshotai/kimi-k3-free,415
426,moonshotai/kimi-k3-free,417
427,moonshotai/kimi-k3-free,418
428,moonshotai/kimi-k3-free,419
429,moonshotai/kimi-k3-free,420
430,moonshotai/kimi-k3-free,421
431,moonshotai/kimi-k3-free,422
433,moonshotai/kimi-k3-free,1666
434,moonshotai/kimi-k3-free,1668
435,moonshotai/kimi-k3-free,1661
436,moonshotai/kimi-k3-free,1662
437,moonshotai/kimi-k3-free,430
438,moonshotai/kimi-k3-free,431
439,moonshotai/kimi-k3-free,1663
440,moonshotai/kimi-k3-free,451
441,moonshotai/kimi-k3-free,449
442,moonshotai/kimi-k3-free,434
443,moonshotai/kimi-k3-free,433
444,moonshotai/kimi-k3-free,454
445,moonshotai/kimi-k3-free,436
446,moonshotai/kimi-k3-free,437
447,moonshotai/kimi-k3-free,438
448,moonshotai/kimi-k3-free,439
449,moonshotai/kimi-k3-free,1667
450,moonshotai/kimi-k3-free,440
451,moonshotai/kimi-k3-free,1673
452,moonshotai/kimi-k3-free,1670
453,moonshotai/kimi-k3-free,442
454,moonshotai/kimi-k3-free,446
455,moonshotai/kimi-k3-free,467
456,moonshotai/kimi-k3-free,445
457,moonshotai/kimi-k3-free,447
458,moonshotai/kimi-k3-free,1674
459,moonshotai/kimi-k3-free,1669
460,moonshotai/kimi-k3-free,489
461,moonshotai/kimi-k3-free,456
462,moonshotai/kimi-k3-free,453
463,moonshotai/kimi-k3-free,455
464,moonshotai/kimi-k3-free,457
465,moonshotai/kimi-k3-free,508
466,moonshotai/kimi-k3-free,459
467,moonshotai/kimi-k3-free,458
468,moonshotai/kimi-k3-free,1681
469,moonshotai/kimi-k3-free,1678
470,moonshotai/kimi-k3-free,1676
471,moonshotai/kimi-k3-free,1672
472,moonshotai/kimi-k3-free,466
473,moonshotai/kimi-k3-free,468
474,moonshotai/kimi-k3-free,1687
475,moonshotai/kimi-k3-free,465
476,moonshotai/kimi-k3-free,511
477,moonshotai/kimi-k3-free,473
478,moonshotai/kimi-k3-free,469
479,moonshotai/kimi-k3-free,471
480,moonshotai/kimi-k3-free,1675
481,moonshotai/kimi-k3-free,472
482,moonshotai/kimi-k3-free,1677
483,moonshotai/kimi-k3-free,1684
484,moonshotai/kimi-k3-free,1679
485,moonshotai/kimi-k3-free,1682
486,moonshotai/kimi-k3-free,1680
487,moonshotai/kimi-k3-free,1688
488,moonshotai/kimi-k3-free,1683
489,moonshotai/kimi-k3-free,1697
490,moonshotai/kimi-k3-free,1685
491,moonshotai/kimi-k3-free,486
492,moonshotai/kimi-k3-free,488
493,moonshotai/kimi-k3-free,515
494,moonshotai/kimi-k3-free,487
495,moonshotai/kimi-k3-free,514
496,moonshotai/kimi-k3-free,492
497,moonshotai/kimi-k3-free,491
498,moonshotai/kimi-k3-free,490
499,moonshotai/kimi-k3-free,494
500,moonshotai/kimi-k3-free,493
501,moonshotai/kimi-k3-free,1686
502,moonshotai/kimi-k3-free,1691
503,moonshotai/kimi-k3-free,495
504,moonshotai/kimi-k3-free,1689
505,moonshotai/kimi-k3-free,1698
506,moonshotai/kimi-k3-free,1690
507,moonshotai/kimi-k3-free,1692
508,moonshotai/kimi-k3-free,1693
509,moonshotai/kimi-k3-free,1694
510,moonshotai/kimi-k3-free,1696
511,moonshotai/kimi-k3-free,523
512,moonshotai/kimi-k3-free,502
513,moonshotai/kimi-k3-free,504
514,moonshotai/kimi-k3-free,505
515,moonshotai/kimi-k3-free,527
517,moonshotai/kimi-k3-free,506
518,moonshotai/kimi-k3-free,507
519,moonshotai/kimi-k3-free,1704
520,moonshotai/kimi-k3-free,509
521,moonshotai/kimi-k3-free,516
522,moonshotai/kimi-k3-free,512
523,moonshotai/kimi-k3-free,513
525,moonshotai/kimi-k3-free,1695
526,moonshotai/kimi-k3-free,551
527,moonshotai/kimi-k3-free,518
528,moonshotai/kimi-k3-free,517
529,moonshotai/kimi-k3-free,519
530,moonshotai/kimi-k3-free,1703
531,moonshotai/kimi-k3-free,521
532,moonshotai/kimi-k3-free,522
533,moonshotai/kimi-k3-free,526
534,moonshotai/kimi-k3-free,528
535,moonshotai/kimi-k3-free,529
537,moonshotai/kimi-k3-free,560
538,moonshotai/kimi-k3-free,530
539,moonshotai/kimi-k3-free,561
540,moonshotai/kimi-k3-free,1702
541,moonshotai/kimi-k3-free,1699
542,moonshotai/kimi-k3-free,1705
543,moonshotai/kimi-k3-free,536
544,moonshotai/kimi-k3-free,535
545,moonshotai/kimi-k3-free,537
546,moonshotai/kimi-k3-free,1701
547,moonshotai/kimi-k3-free,538
548,moonshotai/kimi-k3-free,539
549,moonshotai/kimi-k3-free,570
550,moonshotai/kimi-k3-free,540
551,moonshotai/kimi-k3-free,541
552,moonshotai/kimi-k3-free,1706
553,moonshotai/kimi-k3-free,1712
554,moonshotai/kimi-k3-free,544
555,moonshotai/kimi-k3-free,545
556,moonshotai/kimi-k3-free,1707
557,moonshotai/kimi-k3-free,547
558,moonshotai/kimi-k3-free,548
559,moonshotai/kimi-k3-free,584
560,moonshotai/kimi-k3-free,549
561,moonshotai/kimi-k3-free,650
562,moonshotai/kimi-k3-free,554
563,moonshotai/kimi-k3-free,552
564,moonshotai/kimi-k3-free,553
565,moonshotai/kimi-k3-free,555
566,moonshotai/kimi-k3-free,556
567,moonshotai/kimi-k3-free,1738
568,moonshotai/kimi-k3-free,1733
569,moonshotai/kimi-k3-free,559
570,moonshotai/kimi-k3-free,1709
571,moonshotai/kimi-k3-free,562
572,moonshotai/kimi-k3-free,564
573,moonshotai/kimi-k3-free,662
574,moonshotai/kimi-k3-free,565
575,moonshotai/kimi-k3-free,566
576,moonshotai/kimi-k3-free,567
577,moonshotai/kimi-k3-free,608
578,moonshotai/kimi-k3-free,1708
579,moonshotai/kimi-k3-free,1713
580,moonshotai/kimi-k3-free,1711
581,moonshotai/kimi-k3-free,572
582,moonshotai/kimi-k3-free,573
583,moonshotai/kimi-k3-free,574
584,moonshotai/kimi-k3-free,575
585,moonshotai/kimi-k3-free,576
586,moonshotai/kimi-k3-free,577
587,moonshotai/kimi-k3-free,578
588,moonshotai/kimi-k3-free,1710
589,moonshotai/kimi-k3-free,1717
590,moonshotai/kimi-k3-free,1716
591,moonshotai/kimi-k3-free,1724
592,moonshotai/kimi-k3-free,1714
593,moonshotai/kimi-k3-free,1715
594,moonshotai/kimi-k3-free,585
595,moonshotai/kimi-k3-free,587
596,moonshotai/kimi-k3-free,586
597,moonshotai/kimi-k3-free,588
598,moonshotai/kimi-k3-free,589
599,moonshotai/kimi-k3-free,590
600,moonshotai/kimi-k3-free,1718
601,moonshotai/kimi-k3-free,1721
602,moonshotai/kimi-k3-free,1719
603,moonshotai/kimi-k3-free,594
604,moonshotai/kimi-k3-free,656
605,moonshotai/kimi-k3-free,595
606,moonshotai/kimi-k3-free,596
607,moonshotai/kimi-k3-free,597
608,moonshotai/kimi-k3-free,598
609,moonshotai/kimi-k3-free,599
610,moonshotai/kimi-k3-free,600
611,moonshotai/kimi-k3-free,601
612,moonshotai/kimi-k3-free,1720
613,moonshotai/kimi-k3-free,1732
614,moonshotai/kimi-k3-free,639
615,moonshotai/kimi-k3-free,607
616,moonshotai/kimi-k3-free,606
617,moonshotai/kimi-k3-free,640
618,moonshotai/kimi-k3-free,641
619,moonshotai/kimi-k3-free,610
620,moonshotai/kimi-k3-free,609
622,moonshotai/kimi-k3-free,1753
623,moonshotai/kimi-k3-free,614
624,moonshotai/kimi-k3-free,616
625,moonshotai/kimi-k3-free,615
626,moonshotai/kimi-k3-free,618
627,moonshotai/kimi-k3-free,617
628,moonshotai/kimi-k3-free,643
629,moonshotai/kimi-k3-free,619
630,moonshotai/kimi-k3-free,1722
631,moonshotai/kimi-k3-free,1723
632,moonshotai/kimi-k3-free,1725
633,moonshotai/kimi-k3-free,626
634,moonshotai/kimi-k3-free,648
635,moonshotai/kimi-k3-free,625
636,moonshotai/kimi-k3-free,627
637,moonshotai/kimi-k3-free,628
638,moonshotai/kimi-k3-free,629
639,moonshotai/kimi-k3-free,654
640,moonshotai/kimi-k3-free,630
641,moonshotai/kimi-k3-free,631
642,moonshotai/kimi-k3-free,1726
643,moonshotai/kimi-k3-free,1727
644,moonshotai/kimi-k3-free,634
645,moonshotai/kimi-k3-free,635
646,moonshotai/kimi-k3-free,636
647,moonshotai/kimi-k3-free,681
648,moonshotai/kimi-k3-free,637
649,moonshotai/kimi-k3-free,638
650,moonshotai/kimi-k3-free,687
651,moonshotai/kimi-k3-free,664
652,moonshotai/kimi-k3-free,666
653,moonshotai/kimi-k3-free,642
654,moonshotai/kimi-k3-free,1728
655,moonshotai/kimi-k3-free,644
656,moonshotai/kimi-k3-free,645
657,moonshotai/kimi-k3-free,646
658,moonshotai/kimi-k3-free,647
659,moonshotai/kimi-k3-free,708
660,moonshotai/kimi-k3-free,653
661,moonshotai/kimi-k3-free,652
662,moonshotai/kimi-k3-free,651
663,moonshotai/kimi-k3-free,655
664,moonshotai/kimi-k3-free,675
665,moonshotai/kimi-k3-free,1730
666,moonshotai/kimi-k3-free,1729
667,moonshotai/kimi-k3-free,1731
668,moonshotai/kimi-k3-free,720
669,moonshotai/kimi-k3-free,659
670,moonshotai/kimi-k3-free,680
671,moonshotai/kimi-k3-free,660
672,moonshotai/kimi-k3-free,661
673,moonshotai/kimi-k3-free,1741
674,moonshotai/kimi-k3-free,663
675,moonshotai/kimi-k3-free,665
676,moonshotai/kimi-k3-free,667
677,moonshotai/kimi-k3-free,1736
678,moonshotai/kimi-k3-free,1734
679,moonshotai/kimi-k3-free,1735
680,moonshotai/kimi-k3-free,697
681,moonshotai/kimi-k3-free,670
682,moonshotai/kimi-k3-free,672
683,moonshotai/kimi-k3-free,699
684,moonshotai/kimi-k3-free,673
685,moonshotai/kimi-k3-free,674
686,moonshotai/kimi-k3-free,703
687,moonshotai/kimi-k3-free,676
688,moonshotai/kimi-k3-free,677
689,moonshotai/kimi-k3-free,679
690,moonshotai/kimi-k3-free,718
691,moonshotai/kimi-k3-free,682
692,moonshotai/kimi-k3-free,1748
693,moonshotai/kimi-k3-free,1744
694,moonshotai/kimi-k3-free,684
695,moonshotai/kimi-k3-free,776
696,moonshotai/kimi-k3-free,689
698,moonshotai/kimi-k3-free,690
699,moonshotai/kimi-k3-free,692
700,moonshotai/kimi-k3-free,691
701,moonshotai/kimi-k3-free,730
702,moonshotai/kimi-k3-free,729
703,moonshotai/kimi-k3-free,1737
704,moonshotai/kimi-k3-free,694
705,moonshotai/kimi-k3-free,733
706,moonshotai/kimi-k3-free,696
707,moonshotai/kimi-k3-free,754
708,moonshotai/kimi-k3-free,756
709,moonshotai/kimi-k3-free,698
710,moonshotai/kimi-k3-free,700
711,moonshotai/kimi-k3-free,702
712,moonshotai/kimi-k3-free,701
713,moonshotai/kimi-k3-free,704
714,moonshotai/kimi-k3-free,705
716,moonshotai/kimi-k3-free,710
717,moonshotai/kimi-k3-free,707
718,moonshotai/kimi-k3-free,709
719,moonshotai/kimi-k3-free,737
720,moonshotai/kimi-k3-free,712
721,moonshotai/kimi-k3-free,711
722,moonshotai/kimi-k3-free,1739
723,moonshotai/kimi-k3-free,714
724,moonshotai/kimi-k3-free,713
725,moonshotai/kimi-k3-free,717
726,moonshotai/kimi-k3-free,743
727,moonshotai/kimi-k3-free,716
728,moonshotai/kimi-k3-free,719
729,moonshotai/kimi-k3-free,721
730,moonshotai/kimi-k3-free,722
731,moonshotai/kimi-k3-free,744
732,moonshotai/kimi-k3-free,745
734,moonshotai/kimi-k3-free,1740
736,moonshotai/kimi-k3-free,726
737,moonshotai/kimi-k3-free,727
738,moonshotai/kimi-k3-free,748
739,moonshotai/kimi-k3-free,728
740,moonshotai/kimi-k3-free,1742
741,moonshotai/kimi-k3-free,731
742,moonshotai/kimi-k3-free,1792
743,moonshotai/kimi-k3-free,734
744,moonshotai/kimi-k3-free,735
745,moonshotai/kimi-k3-free,736
746,moonshotai/kimi-k3-free,758
747,moonshotai/kimi-k3-free,761
748,moonshotai/kimi-k3-free,760
749,moonshotai/kimi-k3-free,738
750,moonshotai/kimi-k3-free,739
751,moonshotai/kimi-k3-free,740
752,moonshotai/kimi-k3-free,741
753,moonshotai/kimi-k3-free,742
754,moonshotai/kimi-k3-free,771
755,moonshotai/kimi-k3-free,1743
757,moonshotai/kimi-k3-free,746
758,moonshotai/kimi-k3-free,747
759,moonshotai/kimi-k3-free,749
760,moonshotai/kimi-k3-free,1749
761,moonshotai/kimi-k3-free,1745
762,moonshotai/kimi-k3-free,752
763,moonshotai/kimi-k3-free,778
764,moonshotai/kimi-k3-free,755
765,moonshotai/kimi-k3-free,759
766,moonshotai/kimi-k3-free,757
767,moonshotai/kimi-k3-free,832
768,moonshotai/kimi-k3-free,780
769,moonshotai/kimi-k3-free,779
770,moonshotai/kimi-k3-free,1781
771,moonshotai/kimi-k3-free,1747
772,moonshotai/kimi-k3-free,1750
773,moonshotai/kimi-k3-free,1751
774,moonshotai/kimi-k3-free,766
775,moonshotai/kimi-k3-free,1756
776,moonshotai/kimi-k3-free,768
777,moonshotai/kimi-k3-free,767
778,moonshotai/kimi-k3-free,769
779,moonshotai/kimi-k3-free,1757
780,moonshotai/kimi-k3-free,814
781,moonshotai/kimi-k3-free,770
782,moonshotai/kimi-k3-free,1752
783,moonshotai/kimi-k3-free,772
784,moonshotai/kimi-k3-free,790
785,moonshotai/kimi-k3-free,774
786,moonshotai/kimi-k3-free,1755
787,moonshotai/kimi-k3-free,777
788,moonshotai/kimi-k3-free,794
789,moonshotai/kimi-k3-free,793
790,moonshotai/kimi-k3-free,799
791,moonshotai/kimi-k3-free,782
792,moonshotai/kimi-k3-free,781
793,moonshotai/kimi-k3-free,783
794,moonshotai/kimi-k3-free,784
795,moonshotai/kimi-k3-free,809
796,moonshotai/kimi-k3-free,1754
797,moonshotai/kimi-k3-free,787
798,moonshotai/kimi-k3-free,788
799,moonshotai/kimi-k3-free,845
800,moonshotai/kimi-k3-free,789
801,moonshotai/kimi-k3-free,1760
802,moonshotai/kimi-k3-free,791
803,moonshotai/kimi-k3-free,792
804,moonshotai/kimi-k3-free,795
805,moonshotai/kimi-k3-free,796
806,moonshotai/kimi-k3-free,827
807,moonshotai/kimi-k3-free,1758
808,moonshotai/kimi-k3-free,1775
809,moonshotai/kimi-k3-free,800
810,moonshotai/kimi-k3-free,801
811,moonshotai/kimi-k3-free,803
812,moonshotai/kimi-k3-free,802
813,moonshotai/kimi-k3-free,804
814,moonshotai/kimi-k3-free,831
815,moonshotai/kimi-k3-free,805
816,moonshotai/kimi-k3-free,806
817,moonshotai/kimi-k3-free,830
818,moonshotai/kimi-k3-free,1759
819,moonshotai/kimi-k3-free,808
820,moonshotai/kimi-k3-free,811
821,moonshotai/kimi-k3-free,810
822,moonshotai/kimi-k3-free,817
823,moonshotai/kimi-k3-free,812
824,moonshotai/kimi-k3-free,813
825,moonshotai/kimi-k3-free,815
826,moonshotai/kimi-k3-free,818
827,moonshotai/kimi-k3-free,1761
828,moonshotai/kimi-k3-free,819
829,moonshotai/kimi-k3-free,820
830,moonshotai/kimi-k3-free,821
831,moonshotai/kimi-k3-free,822
833,moonshotai/kimi-k3-free,1763
834,moonshotai/kimi-k3-free,863
835,moonshotai/kimi-k3-free,824
836,moonshotai/kimi-k3-free,1762
837,moonshotai/kimi-k3-free,826
838,moonshotai/kimi-k3-free,828
839,moonshotai/kimi-k3-free,829
840,moonshotai/kimi-k3-free,1764
841,moonshotai/kimi-k3-free,835
842,moonshotai/kimi-k3-free,834
843,moonshotai/kimi-k3-free,833
844,moonshotai/kimi-k3-free,836
845,moonshotai/kimi-k3-free,1766
846,moonshotai/kimi-k3-free,1765
847,moonshotai/kimi-k3-free,1767
848,moonshotai/kimi-k3-free,1998
849,moonshotai/kimi-k3-free,2000
850,moonshotai/kimi-k3-free,2011
851,moonshotai/kimi-k3-free,840
852,moonshotai/kimi-k3-free,847
853,moonshotai/kimi-k3-free,848
854,moonshotai/kimi-k3-free,846
855,moonshotai/kimi-k3-free,844
856,moonshotai/kimi-k3-free,849
857,moonshotai/kimi-k3-free,1772
858,moonshotai/kimi-k3-free,1771
859,moonshotai/kimi-k3-free,1773
860,moonshotai/kimi-k3-free,1776
862,moonshotai/kimi-k3-free,1774
863,moonshotai/kimi-k3-free,1778
864,moonshotai/kimi-k3-free,1783
865,moonshotai/kimi-k3-free,1779
866,moonshotai/kimi-k3-free,1813
867,moonshotai/kimi-k3-free,1780
868,moonshotai/kimi-k3-free,864
869,moonshotai/kimi-k3-free,859
871,moonshotai/kimi-k3-free,866
872,moonshotai/kimi-k3-free,865
873,moonshotai/kimi-k3-free,903
874,moonshotai/kimi-k3-free,1782
875,moonshotai/kimi-k3-free,1799
876,moonshotai/kimi-k3-free,867
877,moonshotai/kimi-k3-free,868
878,moonshotai/kimi-k3-free,872
879,moonshotai/kimi-k3-free,1788
880,moonshotai/kimi-k3-free,1784
881,moonshotai/kimi-k3-free,2003
882,moonshotai/kimi-k3-free,1786
883,moonshotai/kimi-k3-free,1787
884,moonshotai/kimi-k3-free,1793
885,moonshotai/kimi-k3-free,1789
886,moonshotai/kimi-k3-free,879
887,moonshotai/kimi-k3-free,882
888,moonshotai/kimi-k3-free,880
889,moonshotai/kimi-k3-free,883
890,moonshotai/kimi-k3-free,881
891,moonshotai/kimi-k3-free,1790
892,moonshotai/kimi-k3-free,1791
893,moonshotai/kimi-k3-free,885
894,moonshotai/kimi-k3-free,886
895,moonshotai/kimi-k3-free,915
896,moonshotai/kimi-k3-free,887
897,moonshotai/kimi-k3-free,1821
898,moonshotai/kimi-k3-free,1802
899,moonshotai/kimi-k3-free,1794
900,moonshotai/kimi-k3-free,891
901,moonshotai/kimi-k3-free,2002
903,moonshotai/kimi-k3-free,1796
904,moonshotai/kimi-k3-free,893
905,moonshotai/kimi-k3-free,894
906,moonshotai/kimi-k3-free,895
907,moonshotai/kimi-k3-free,896
908,moonshotai/kimi-k3-free,944
909,moonshotai/kimi-k3-free,901
910,moonshotai/kimi-k3-free,900
911,moonshotai/kimi-k3-free,902
912,moonshotai/kimi-k3-free,911
913,moonshotai/kimi-k3-free,905
914,moonshotai/kimi-k3-free,904
915,moonshotai/kimi-k3-free,957
916,moonshotai/kimi-k3-free,907
917,moonshotai/kimi-k3-free,906
918,moonshotai/kimi-k3-free,908
919,moonshotai/kimi-k3-free,1797
920,moonshotai/kimi-k3-free,912
921,moonshotai/kimi-k3-free,918
922,moonshotai/kimi-k3-free,914
923,moonshotai/kimi-k3-free,1798
924,moonshotai/kimi-k3-free,916
925,moonshotai/kimi-k3-free,917
926,moonshotai/kimi-k3-free,919
927,moonshotai/kimi-k3-free,1806
928,moonshotai/kimi-k3-free,1800
929,moonshotai/kimi-k3-free,1801
930,moonshotai/kimi-k3-free,1810
931,moonshotai/kimi-k3-free,1803
932,moonshotai/kimi-k3-free,1807
933,moonshotai/kimi-k3-free,928
935,moonshotai/kimi-k3-free,1805
936,moonshotai/kimi-k3-free,927
937,moonshotai/kimi-k3-free,930
938,moonshotai/kimi-k3-free,932
939,moonshotai/kimi-k3-free,931
940,moonshotai/kimi-k3-free,933
941,moonshotai/kimi-k3-free,934
942,moonshotai/kimi-k3-free,935
943,moonshotai/kimi-k3-free,1808
944,moonshotai/kimi-k3-free,936
945,moonshotai/kimi-k3-free,1832
946,moonshotai/kimi-k3-free,1809
949,moonshotai/kimi-k3-free,1816
950,moonshotai/kimi-k3-free,946
951,moonshotai/kimi-k3-free,955
952,moonshotai/kimi-k3-free,943
953,moonshotai/kimi-k3-free,945
954,moonshotai/kimi-k3-free,947
955,moonshotai/kimi-k3-free,948
956,moonshotai/kimi-k3-free,949
957,moonshotai/kimi-k3-free,951
958,moonshotai/kimi-k3-free,950
959,moonshotai/kimi-k3-free,999
960,moonshotai/kimi-k3-free,1812
961,moonshotai/kimi-k3-free,1814
962,moonshotai/kimi-k3-free,1815
963,moonshotai/kimi-k3-free,1817
964,moonshotai/kimi-k3-free,959
966,moonshotai/kimi-k3-free,1827
967,moonshotai/kimi-k3-free,960
968,moonshotai/kimi-k3-free,958
969,moonshotai/kimi-k3-free,962
970,moonshotai/kimi-k3-free,1031
971,moonshotai/kimi-k3-free,964
972,moonshotai/kimi-k3-free,1012
973,moonshotai/kimi-k3-free,963
974,moonshotai/kimi-k3-free,1818
975,moonshotai/kimi-k3-free,1819
976,moonshotai/kimi-k3-free,1820
977,moonshotai/kimi-k3-free,974
978,moonshotai/kimi-k3-free,972
979,moonshotai/kimi-k3-free,970
980,moonshotai/kimi-k3-free,973
981,moonshotai/kimi-k3-free,971
982,moonshotai/kimi-k3-free,1016
983,moonshotai/kimi-k3-free,975
984,moonshotai/kimi-k3-free,976
985,moonshotai/kimi-k3-free,1015
986,moonshotai/kimi-k3-free,1021
987,moonshotai/kimi-k3-free,1822
988,moonshotai/kimi-k3-free,1849
989,moonshotai/kimi-k3-free,984
990,moonshotai/kimi-k3-free,985
991,moonshotai/kimi-k3-free,983
992,moonshotai/kimi-k3-free,982
993,moonshotai/kimi-k3-free,986
994,moonshotai/kimi-k3-free,987
995,moonshotai/kimi-k3-free,988
996,moonshotai/kimi-k3-free,1023
997,moonshotai/kimi-k3-free,989
998,moonshotai/kimi-k3-free,990
999,moonshotai/kimi-k3-free,1825
1000,moonshotai/kimi-k3-free,991
1001,moonshotai/kimi-k3-free,1830
1002,moonshotai/kimi-k3-free,1824
1003,moonshotai/kimi-k3-free,1839
1004,moonshotai/kimi-k3-free,1000
1005,moonshotai/kimi-k3-free,1826
1006,moonshotai/kimi-k3-free,996
1007,moonshotai/kimi-k3-free,998
1008,moonshotai/kimi-k3-free,997
1009,moonshotai/kimi-k3-free,1001
1010,moonshotai/kimi-k3-free,1079
1011,moonshotai/kimi-k3-free,1002
1012,moonshotai/kimi-k3-free,1003
1013,moonshotai/kimi-k3-free,1841
1014,moonshotai/kimi-k3-free,1828
1015,moonshotai/kimi-k3-free,1829
1016,moonshotai/kimi-k3-free,1033
1017,moonshotai/kimi-k3-free,1010
1018,moonshotai/kimi-k3-free,1009
1019,moonshotai/kimi-k3-free,1008
1020,moonshotai/kimi-k3-free,1032
1021,moonshotai/kimi-k3-free,1014
1022,moonshotai/kimi-k3-free,1011
1023,moonshotai/kimi-k3-free,1013
1024,moonshotai/kimi-k3-free,1043
1025,moonshotai/kimi-k3-free,1037
1026,moonshotai/kimi-k3-free,1046
1027,moonshotai/kimi-k3-free,1118
1028,moonshotai/kimi-k3-free,1017
1029,moonshotai/kimi-k3-free,1018
1030,moonshotai/kimi-k3-free,1019
1031,moonshotai/kimi-k3-free,1020
1032,moonshotai/kimi-k3-free,1022
1033,moonshotai/kimi-k3-free,1844
1034,moonshotai/kimi-k3-free,1056
1035,moonshotai/kimi-k3-free,1024
1036,moonshotai/kimi-k3-free,1025
1037,moonshotai/kimi-k3-free,1030
1038,moonshotai/kimi-k3-free,1027
1039,moonshotai/kimi-k3-free,1028
1040,moonshotai/kimi-k3-free,1029
1041,moonshotai/kimi-k3-free,1075
1042,moonshotai/kimi-k3-free,1074
1043,moonshotai/kimi-k3-free,1035
1044,moonshotai/kimi-k3-free,1036
1045,moonshotai/kimi-k3-free,1034
1046,moonshotai/kimi-k3-free,1081
1047,moonshotai/kimi-k3-free,1038
1048,moonshotai/kimi-k3-free,1039
1049,moonshotai/kimi-k3-free,1831
1050,moonshotai/kimi-k3-free,1833
1051,moonshotai/kimi-k3-free,1834
1052,moonshotai/kimi-k3-free,1045
1053,moonshotai/kimi-k3-free,1047
1054,moonshotai/kimi-k3-free,1044
1055,moonshotai/kimi-k3-free,1048
1056,moonshotai/kimi-k3-free,1049
1057,moonshotai/kimi-k3-free,1088
1058,moonshotai/kimi-k3-free,1050
1059,moonshotai/kimi-k3-free,1835
1060,moonshotai/kimi-k3-free,1836
1061,moonshotai/kimi-k3-free,1837
1062,moonshotai/kimi-k3-free,1842
1063,moonshotai/kimi-k3-free,1838
1064,moonshotai/kimi-k3-free,1059
1065,moonshotai/kimi-k3-free,1060
1066,moonshotai/kimi-k3-free,1058
1067,moonshotai/kimi-k3-free,1061
1068,moonshotai/kimi-k3-free,1062
1069,moonshotai/kimi-k3-free,1065
1070,moonshotai/kimi-k3-free,1063
1071,moonshotai/kimi-k3-free,1096
1072,moonshotai/kimi-k3-free,1064
1073,moonshotai/kimi-k3-free,1094
1074,moonshotai/kimi-k3-free,1840
1075,moonshotai/kimi-k3-free,1850
1076,moonshotai/kimi-k3-free,1865
1077,moonshotai/kimi-k3-free,1843
1078,moonshotai/kimi-k3-free,1072
1079,moonshotai/kimi-k3-free,1070
1080,moonshotai/kimi-k3-free,1071
1081,moonshotai/kimi-k3-free,1845
1082,moonshotai/kimi-k3-free,1073
1083,moonshotai/kimi-k3-free,1080
1084,moonshotai/kimi-k3-free,1076
1085,moonshotai/kimi-k3-free,1847
1086,moonshotai/kimi-k3-free,1846
1087,moonshotai/kimi-k3-free,1078
1088,moonshotai/kimi-k3-free,1077
1089,moonshotai/kimi-k3-free,1083
1090,moonshotai/kimi-k3-free,1860
1091,moonshotai/kimi-k3-free,1082
1092,moonshotai/kimi-k3-free,1089
1093,moonshotai/kimi-k3-free,1145
1094,moonshotai/kimi-k3-free,1871
1095,moonshotai/kimi-k3-free,1848
1096,moonshotai/kimi-k3-free,1116
1097,moonshotai/kimi-k3-free,1086
1098,moonshotai/kimi-k3-free,1087
1099,moonshotai/kimi-k3-free,1090
1100,moonshotai/kimi-k3-free,1091
1101,moonshotai/kimi-k3-free,2005
1102,moonshotai/kimi-k3-free,1092
1103,moonshotai/kimi-k3-free,1095
1104,moonshotai/kimi-k3-free,1093
1105,moonshotai/kimi-k3-free,1130
1106,moonshotai/kimi-k3-free,1098
1107,moonshotai/kimi-k3-free,1097
1108,moonshotai/kimi-k3-free,1136
1109,moonshotai/kimi-k3-free,1100
1110,moonshotai/kimi-k3-free,1107
1111,moonshotai/kimi-k3-free,2006
1112,moonshotai/kimi-k3-free,1852
1113,moonshotai/kimi-k3-free,1168
1114,moonshotai/kimi-k3-free,1105
1115,moonshotai/kimi-k3-free,1104
1116,moonshotai/kimi-k3-free,1106
1117,moonshotai/kimi-k3-free,1108
1118,moonshotai/kimi-k3-free,1143
1120,moonshotai/kimi-k3-free,1111
1121,moonshotai/kimi-k3-free,1854
1122,moonshotai/kimi-k3-free,1853
1123,moonshotai/kimi-k3-free,1855
1124,moonshotai/kimi-k3-free,1144
1125,moonshotai/kimi-k3-free,1115
1126,moonshotai/kimi-k3-free,1117
1128,moonshotai/kimi-k3-free,1119
1129,moonshotai/kimi-k3-free,1120
1130,moonshotai/kimi-k3-free,1121
1131,moonshotai/kimi-k3-free,1149
1132,moonshotai/kimi-k3-free,1856
1133,moonshotai/kimi-k3-free,1877
1134,moonshotai/kimi-k3-free,1126
1135,moonshotai/kimi-k3-free,1127
1136,moonshotai/kimi-k3-free,1125
1137,moonshotai/kimi-k3-free,1128
1138,moonshotai/kimi-k3-free,1154
1139,moonshotai/kimi-k3-free,1129
1140,moonshotai/kimi-k3-free,1131
1141,moonshotai/kimi-k3-free,1132
1142,moonshotai/kimi-k3-free,1133
1143,moonshotai/kimi-k3-free,1138
1144,moonshotai/kimi-k3-free,1857
1145,moonshotai/kimi-k3-free,1858
1146,moonshotai/kimi-k3-free,1859
1147,moonshotai/kimi-k3-free,1137
1148,moonshotai/kimi-k3-free,1870
1149,moonshotai/kimi-k3-free,1225
1150,moonshotai/kimi-k3-free,1139
1151,moonshotai/kimi-k3-free,1141
1152,moonshotai/kimi-k3-free,1862
1153,moonshotai/kimi-k3-free,1142
1154,moonshotai/kimi-k3-free,1863
1155,moonshotai/kimi-k3-free,1869
1157,moonshotai/kimi-k3-free,1148
1158,moonshotai/kimi-k3-free,1150
1159,moonshotai/kimi-k3-free,1864
1160,moonshotai/kimi-k3-free,1866
1161,moonshotai/kimi-k3-free,1867
1162,moonshotai/kimi-k3-free,1868
1163,moonshotai/kimi-k3-free,1155
1164,moonshotai/kimi-k3-free,1153
1165,moonshotai/kimi-k3-free,1157
1166,moonshotai/kimi-k3-free,1156
1167,moonshotai/kimi-k3-free,1161
1169,moonshotai/kimi-k3-free,1872
1170,moonshotai/kimi-k3-free,1874
1171,moonshotai/kimi-k3-free,1896
1172,moonshotai/kimi-k3-free,1164
1173,moonshotai/kimi-k3-free,1169
1175,moonshotai/kimi-k3-free,1166
1176,moonshotai/kimi-k3-free,1170
1177,moonshotai/kimi-k3-free,1167
1178,moonshotai/kimi-k3-free,1889
1179,moonshotai/kimi-k3-free,1873
1180,moonshotai/kimi-k3-free,1875
1181,moonshotai/kimi-k3-free,1888
1183,moonshotai/kimi-k3-free,1876
1184,moonshotai/kimi-k3-free,1878
1185,moonshotai/kimi-k3-free,1880
1186,moonshotai/kimi-k3-free,1192
1187,moonshotai/kimi-k3-free,1183
1188,moonshotai/kimi-k3-free,1879
1189,moonshotai/kimi-k3-free,1184
1190,moonshotai/kimi-k3-free,1238
1191,moonshotai/kimi-k3-free,1193
1192,moonshotai/kimi-k3-free,1239
1193,moonshotai/kimi-k3-free,1186
1194,moonshotai/kimi-k3-free,1185
1195,moonshotai/kimi-k3-free,1187
1196,moonshotai/kimi-k3-free,1188
1197,moonshotai/kimi-k3-free,1189
1198,moonshotai/kimi-k3-free,1893
1199,moonshotai/kimi-k3-free,1882
1200,moonshotai/kimi-k3-free,1883
1201,moonshotai/kimi-k3-free,1884
1202,moonshotai/kimi-k3-free,1885
1203,moonshotai/kimi-k3-free,1200
1204,moonshotai/kimi-k3-free,1202
1205,moonshotai/kimi-k3-free,1204
1206,moonshotai/kimi-k3-free,1199
1207,moonshotai/kimi-k3-free,1201
1208,moonshotai/kimi-k3-free,1886
1209,moonshotai/kimi-k3-free,1205
1210,moonshotai/kimi-k3-free,1203
1211,moonshotai/kimi-k3-free,1214
1212,moonshotai/kimi-k3-free,1910
1213,moonshotai/kimi-k3-free,1887
1214,moonshotai/kimi-k3-free,1890
1215,moonshotai/kimi-k3-free,1899
1216,moonshotai/kimi-k3-free,1891
1217,moonshotai/kimi-k3-free,1892
1219,moonshotai/kimi-k3-free,1257
1220,moonshotai/kimi-k3-free,1212
1221,moonshotai/kimi-k3-free,1211
1222,moonshotai/kimi-k3-free,1213
1223,moonshotai/kimi-k3-free,1215
1224,moonshotai/kimi-k3-free,1218
1225,moonshotai/kimi-k3-free,1217
1226,moonshotai/kimi-k3-free,1219
1227,moonshotai/kimi-k3-free,1260
1228,moonshotai/kimi-k3-free,1904
1229,moonshotai/kimi-k3-free,1262
1230,moonshotai/kimi-k3-free,1894
1231,moonshotai/kimi-k3-free,1906
1232,moonshotai/kimi-k3-free,1223
1233,moonshotai/kimi-k3-free,1224
1234,moonshotai/kimi-k3-free,1226
1235,moonshotai/kimi-k3-free,1228
1236,moonshotai/kimi-k3-free,1227
1237,moonshotai/kimi-k3-free,1229
1238,moonshotai/kimi-k3-free,1230
1239,moonshotai/kimi-k3-free,1272
1240,moonshotai/kimi-k3-free,1895
1241,moonshotai/kimi-k3-free,1911
1242,moonshotai/kimi-k3-free,1897
1243,moonshotai/kimi-k3-free,1278
1244,moonshotai/kimi-k3-free,1234
1245,moonshotai/kimi-k3-free,1235
1246,moonshotai/kimi-k3-free,1237
1247,moonshotai/kimi-k3-free,1241
1248,moonshotai/kimi-k3-free,1240
1249,moonshotai/kimi-k3-free,1242
1250,moonshotai/kimi-k3-free,1898
1251,moonshotai/kimi-k3-free,1901
1252,moonshotai/kimi-k3-free,1281
1253,moonshotai/kimi-k3-free,1900
1254,moonshotai/kimi-k3-free,1902
1255,moonshotai/kimi-k3-free,1905
1256,moonshotai/kimi-k3-free,1903
1257,moonshotai/kimi-k3-free,2009
1258,moonshotai/kimi-k3-free,1250
1259,moonshotai/kimi-k3-free,1251
1260,moonshotai/kimi-k3-free,1249
1262,moonshotai/kimi-k3-free,1254
1263,moonshotai/kimi-k3-free,1253
1264,moonshotai/kimi-k3-free,1269
1265,moonshotai/kimi-k3-free,1256
1266,moonshotai/kimi-k3-free,1255
1267,moonshotai/kimi-k3-free,1907
1268,moonshotai/kimi-k3-free,1908
1269,moonshotai/kimi-k3-free,1261
1270,moonshotai/kimi-k3-free,1917
1271,moonshotai/kimi-k3-free,1265
1272,moonshotai/kimi-k3-free,1909
1273,moonshotai/kimi-k3-free,1264
1274,moonshotai/kimi-k3-free,1263
1275,moonshotai/kimi-k3-free,1267
1276,moonshotai/kimi-k3-free,1266
1277,moonshotai/kimi-k3-free,1268
1278,moonshotai/kimi-k3-free,1912
1279,moonshotai/kimi-k3-free,1916
1281,moonshotai/kimi-k3-free,1273
1282,moonshotai/kimi-k3-free,1351
1283,moonshotai/kimi-k3-free,1274
1284,moonshotai/kimi-k3-free,1283
1285,moonshotai/kimi-k3-free,1923
1286,moonshotai/kimi-k3-free,1913
1287,moonshotai/kimi-k3-free,1277
1288,moonshotai/kimi-k3-free,1279
1289,moonshotai/kimi-k3-free,1280
1290,moonshotai/kimi-k3-free,1288
1291,moonshotai/kimi-k3-free,1282
1292,moonshotai/kimi-k3-free,1291
1293,moonshotai/kimi-k3-free,1284
1294,moonshotai/kimi-k3-free,1914
1295,moonshotai/kimi-k3-free,1915
1296,moonshotai/kimi-k3-free,1920
1297,moonshotai/kimi-k3-free,1289
1298,moonshotai/kimi-k3-free,1290
1299,moonshotai/kimi-k3-free,1292
1300,moonshotai/kimi-k3-free,1924
1301,moonshotai/kimi-k3-free,1297
1302,moonshotai/kimi-k3-free,1301
1303,moonshotai/kimi-k3-free,1300
1304,moonshotai/kimi-k3-free,1298
1305,moonshotai/kimi-k3-free,1296
1306,moonshotai/kimi-k3-free,1299
1307,moonshotai/kimi-k3-free,1302
1308,moonshotai/kimi-k3-free,1334
1309,moonshotai/kimi-k3-free,1303
1310,moonshotai/kimi-k3-free,1918
1311,moonshotai/kimi-k3-free,1942
1312,moonshotai/kimi-k3-free,1919
1313,moonshotai/kimi-k3-free,1922
1314,moonshotai/kimi-k3-free,1921
1315,moonshotai/kimi-k3-free,1930
1316,moonshotai/kimi-k3-free,1929
1317,moonshotai/kimi-k3-free,1933
1319,moonshotai/kimi-k3-free,1926
1320,moonshotai/kimi-k3-free,1927
1321,moonshotai/kimi-k3-free,1323
1322,moonshotai/kimi-k3-free,1316
1323,moonshotai/kimi-k3-free,1345
1324,moonshotai/kimi-k3-free,1344
1325,moonshotai/kimi-k3-free,1324
1326,moonshotai/kimi-k3-free,1317
1327,moonshotai/kimi-k3-free,1318
1328,moonshotai/kimi-k3-free,1319
1329,moonshotai/kimi-k3-free,1928
1330,moonshotai/kimi-k3-free,1320
1331,moonshotai/kimi-k3-free,1321
1332,moonshotai/kimi-k3-free,1989
1333,moonshotai/kimi-k3-free,1322
1334,moonshotai/kimi-k3-free,1326
1335,moonshotai/kimi-k3-free,1325
1337,moonshotai/kimi-k3-free,1327
1338,moonshotai/kimi-k3-free,1357
1339,moonshotai/kimi-k3-free,1328
1340,moonshotai/kimi-k3-free,1330
1341,moonshotai/kimi-k3-free,1331
1342,moonshotai/kimi-k3-free,1332
1343,moonshotai/kimi-k3-free,1333
1344,moonshotai/kimi-k3-free,1335
1345,moonshotai/kimi-k3-free,1950
1346,moonshotai/kimi-k3-free,1931
1348,moonshotai/kimi-k3-free,1339
1349,moonshotai/kimi-k3-free,1374
1350,moonshotai/kimi-k3-free,1340
1351,moonshotai/kimi-k3-free,1343
1352,moonshotai/kimi-k3-free,1342
1353,moonshotai/kimi-k3-free,1352
1354,moonshotai/kimi-k3-free,1346
1355,moonshotai/kimi-k3-free,1347
1356,moonshotai/kimi-k3-free,1348
1357,moonshotai/kimi-k3-free,1376
1358,moonshotai/kimi-k3-free,1934
1359,moonshotai/kimi-k3-free,1937
1360,moonshotai/kimi-k3-free,1935
1361,moonshotai/kimi-k3-free,1473
1362,moonshotai/kimi-k3-free,1399
1363,moonshotai/kimi-k3-free,1936
1364,moonshotai/kimi-k3-free,1360
1365,moonshotai/kimi-k3-free,1355
1366,moonshotai/kimi-k3-free,1361
1367,moonshotai/kimi-k3-free,1356
1368,moonshotai/kimi-k3-free,1949
1369,moonshotai/kimi-k3-free,1938
1370,moonshotai/kimi-k3-free,1362
1371,moonshotai/kimi-k3-free,1939
1372,moonshotai/kimi-k3-free,1940
1373,moonshotai/kimi-k3-free,1363
1374,moonshotai/kimi-k3-free,1364
1375,moonshotai/kimi-k3-free,1365
1377,moonshotai/kimi-k3-free,1367
1378,moonshotai/kimi-k3-free,1368
1379,moonshotai/kimi-k3-free,1369
1380,moonshotai/kimi-k3-free,1370
1381,moonshotai/kimi-k3-free,1371
1382,moonshotai/kimi-k3-free,1372
1383,moonshotai/kimi-k3-free,1373
1385,moonshotai/kimi-k3-free,1375
1386,moonshotai/kimi-k3-free,1943
1387,moonshotai/kimi-k3-free,1945
1388,moonshotai/kimi-k3-free,1380
1389,moonshotai/kimi-k3-free,1379
1390,moonshotai/kimi-k3-free,1381
1391,moonshotai/kimi-k3-free,1385
1392,moonshotai/kimi-k3-free,1383
1393,moonshotai/kimi-k3-free,1389
1394,moonshotai/kimi-k3-free,1387
1395,moonshotai/kimi-k3-free,1386
1396,moonshotai/kimi-k3-free,1388
1397,moonshotai/kimi-k3-free,1390
1398,moonshotai/kimi-k3-free,1426
1399,moonshotai/kimi-k3-free,1944
1400,moonshotai/kimi-k3-free,1952
1401,moonshotai/kimi-k3-free,1946
1402,moonshotai/kimi-k3-free,1947
1403,moonshotai/kimi-k3-free,1948
1404,moonshotai/kimi-k3-free,1397
1405,moonshotai/kimi-k3-free,1396
1406,moonshotai/kimi-k3-free,1398
1407,moonshotai/kimi-k3-free,1400
1408,moonshotai/kimi-k3-free,1401
1409,moonshotai/kimi-k3-free,1954
1410,moonshotai/kimi-k3-free,1965
1411,moonshotai/kimi-k3-free,1951
1412,moonshotai/kimi-k3-free,1953
1413,moonshotai/kimi-k3-free,1956
1414,moonshotai/kimi-k3-free,1979
1415,moonshotai/kimi-k3-free,1955
1417,moonshotai/kimi-k3-free,1957
1418,moonshotai/kimi-k3-free,1413
1419,moonshotai/kimi-k3-free,1408
1420,moonshotai/kimi-k3-free,1439
1421,moonshotai/kimi-k3-free,1415
1422,moonshotai/kimi-k3-free,1441
1423,moonshotai/kimi-k3-free,1414
1424,moonshotai/kimi-k3-free,1440
1425,moonshotai/kimi-k3-free,1416
1426,moonshotai/kimi-k3-free,1420
1427,moonshotai/kimi-k3-free,1417
1428,moonshotai/kimi-k3-free,1958
1429,moonshotai/kimi-k3-free,1497
1430,moonshotai/kimi-k3-free,1959
1431,moonshotai/kimi-k3-free,1461
1432,moonshotai/kimi-k3-free,1421
1433,moonshotai/kimi-k3-free,1422
1434,moonshotai/kimi-k3-free,1427
1435,moonshotai/kimi-k3-free,1424
1436,moonshotai/kimi-k3-free,1425
1437,moonshotai/kimi-k3-free,1428
1438,moonshotai/kimi-k3-free,1429
1440,moonshotai/kimi-k3-free,1430
1441,moonshotai/kimi-k3-free,1960
1442,moonshotai/kimi-k3-free,1961
1443,moonshotai/kimi-k3-free,2008
1444,moonshotai/kimi-k3-free,1434
1445,moonshotai/kimi-k3-free,1435
1446,moonshotai/kimi-k3-free,1436
1447,moonshotai/kimi-k3-free,1496
1448,moonshotai/kimi-k3-free,1437
1449,moonshotai/kimi-k3-free,1442
1450,moonshotai/kimi-k3-free,1447
1452,moonshotai/kimi-k3-free,1443
1453,moonshotai/kimi-k3-free,1444
1454,moonshotai/kimi-k3-free,1446
1455,moonshotai/kimi-k3-free,1962
1456,moonshotai/kimi-k3-free,1964
1457,moonshotai/kimi-k3-free,1966
1458,moonshotai/kimi-k3-free,1991
1459,moonshotai/kimi-k3-free,1967
1460,moonshotai/kimi-k3-free,1453
1461,moonshotai/kimi-k3-free,1480
1462,moonshotai/kimi-k3-free,1454
1463,moonshotai/kimi-k3-free,1456
1464,moonshotai/kimi-k3-free,1457
1465,moonshotai/kimi-k3-free,1459
1468,moonshotai/kimi-k3-free,1460
1469,moonshotai/kimi-k3-free,1463
1470,moonshotai/kimi-k3-free,1969
1471,moonshotai/kimi-k3-free,1970
1472,moonshotai/kimi-k3-free,1971
1473,moonshotai/kimi-k3-free,1972
1474,moonshotai/kimi-k3-free,1975
1475,moonshotai/kimi-k3-free,2016
1477,moonshotai/kimi-k3-free,1977
1478,moonshotai/kimi-k3-free,1986
1479,moonshotai/kimi-k3-free,1478
1480,moonshotai/kimi-k3-free,1472
1482,moonshotai/kimi-k3-free,1499
1483,moonshotai/kimi-k3-free,1474
1484,moonshotai/kimi-k3-free,1476
1485,moonshotai/kimi-k3-free,1475
1486,moonshotai/kimi-k3-free,1477
1487,moonshotai/kimi-k3-free,1481
1488,moonshotai/kimi-k3-free,1482
1489,moonshotai/kimi-k3-free,1976
1490,moonshotai/kimi-k3-free,1978
1491,moonshotai/kimi-k3-free,1982
1492,moonshotai/kimi-k3-free,1983
1493,moonshotai/kimi-k3-free,1980
1494,moonshotai/kimi-k3-free,1981
1495,moonshotai/kimi-k3-free,1990
1496,moonshotai/kimi-k3-free,1984
1497,moonshotai/kimi-k3-free,1987
1498,moonshotai/kimi-k3-free,1985
1499,moonshotai/kimi-k3-free,1988
1500,deepseek,2043
1501,deepseek,2047
1502,deepseek,2045
1503,deepseek,2046
1504,deepseek,2044
1505,deepseek,2051
1506,deepseek,2049
1507,deepseek,2050
1508,deepseek,2052
1509,deepseek,2054
1511,deepseek,2060
1512,deepseek,2058
1514,deepseek,2059
1518,deepseek,2066
1519,deepseek,2127
1520,deepseek,2068
1521,deepseek,2069
1523,deepseek,2132
1524,deepseek,2133
1525,deepseek,2134
1527,deepseek,2135
1529,deepseek,2078
1530,deepseek,2079
1531,deepseek,2082
1532,deepseek,2080
1533,deepseek,2146
1534,deepseek,2081
1535,deepseek,2083
1537,deepseek,2088
1538,deepseek,2085
1539,deepseek,2087
1540,deepseek,2120
1541,deepseek,2117
1542,deepseek,2138
1543,deepseek,2118
1544,deepseek,2144
1545,deepseek,2145
1546,deepseek,2124
1547,deepseek,2095
1548,deepseek,2097
1549,deepseek,2149
1550,deepseek,2099
1552,deepseek,2098
1553,deepseek,2101
1555,deepseek,2125
